y,id
1,5500
0,5501
0,5502
1,5503
1,5504
0,5505
1,5506
1,5507
1,5508
0,5509
0,5510
1,5511
0,5512
1,5513
1,5514
0,5515
0,5516
0,5517
1,5518
0,5519
0,5520
0,5521
1,5522
1,5523
1,5524
1,5525
0,5526
1,5527
1,5528
0,5529
1,5530
1,5531
0,5532
0,5533
1,5534
0,5535
0,5536
0,5537
1,5538
0,5539
1,5540
0,5541
0,5542
0,5543
0,5544
1,5545
1,5546
1,5547
1,5548
0,5549
0,5550
1,5551
0,5552
1,5553
0,5554
1,5555
0,5556
0,5557
1,5558
1,5559
1,5560
1,5561
1,5562
0,5563
1,5564
0,5565
1,5566
1,5567
0,5568
0,5569
0,5570
1,5571
0,5572
1,5573
1,5574
1,5575
1,5576
1,5577
1,5578
0,5579
1,5580
1,5581
0,5582
1,5583
1,5584
0,5585
1,5586
0,5587
0,5588
0,5589
1,5590
1,5591
1,5592
1,5593
0,5594
1,5595
0,5596
0,5597
0,5598
1,5599
0,5600
1,5601
1,5602
1,5603
1,5604
1,5605
1,5606
1,5607
0,5608
1,5609
1,5610
0,5611
1,5612
1,5613
0,5614
1,5615
1,5616
1,5617
1,5618
1,5619
1,5620
1,5621
1,5622
0,5623
1,5624
0,5625
1,5626
1,5627
1,5628
1,5629
1,5630
1,5631
0,5632
0,5633
1,5634
1,5635
1,5636
0,5637
1,5638
0,5639
0,5640
1,5641
1,5642
0,5643
1,5644
0,5645
1,5646
1,5647
1,5648
0,5649
0,5650
1,5651
1,5652
0,5653
1,5654
0,5655
0,5656
1,5657
1,5658
0,5659
1,5660
1,5661
0,5662
0,5663
1,5664
0,5665
1,5666
1,5667
1,5668
1,5669
1,5670
1,5671
0,5672
0,5673
0,5674
0,5675
1,5676
1,5677
0,5678
0,5679
1,5680
0,5681
0,5682
1,5683
1,5684
1,5685
0,5686
0,5687
1,5688
0,5689
1,5690
1,5691
0,5692
1,5693
0,5694
0,5695
0,5696
0,5697
1,5698
0,5699
1,5700
1,5701
0,5702
0,5703
1,5704
1,5705
0,5706
1,5707
1,5708
1,5709
1,5710
1,5711
1,5712
1,5713
0,5714
0,5715
1,5716
1,5717
1,5718
1,5719
0,5720
1,5721
0,5722
0,5723
1,5724
0,5725
1,5726
0,5727
0,5728
1,5729
1,5730
1,5731
1,5732
0,5733
0,5734
0,5735
1,5736
1,5737
0,5738
1,5739
1,5740
1,5741
0,5742
0,5743
1,5744
1,5745
1,5746
1,5747
1,5748
0,5749
1,5750
0,5751
1,5752
0,5753
0,5754
1,5755
1,5756
0,5757
1,5758
1,5759
1,5760
1,5761
0,5762
1,5763
1,5764
1,5765
1,5766
1,5767
1,5768
1,5769
1,5770
1,5771
0,5772
0,5773
1,5774
1,5775
0,5776
1,5777
1,5778
1,5779
1,5780
1,5781
0,5782
1,5783
1,5784
0,5785
1,5786
1,5787
0,5788
0,5789
1,5790
1,5791
1,5792
0,5793
1,5794
1,5795
1,5796
1,5797
1,5798
1,5799
0,5800
1,5801
1,5802
1,5803
1,5804
1,5805
1,5806
1,5807
0,5808
0,5809
0,5810
1,5811
0,5812
1,5813
0,5814
1,5815
1,5816
1,5817
1,5818
1,5819
1,5820
0,5821
1,5822
0,5823
1,5824
1,5825
0,5826
1,5827
0,5828
0,5829
1,5830
1,5831
0,5832
0,5833
0,5834
1,5835
1,5836
1,5837
0,5838
1,5839
0,5840
1,5841
0,5842
1,5843
1,5844
1,5845
1,5846
1,5847
0,5848
0,5849
0,5850
1,5851
1,5852
1,5853
1,5854
0,5855
1,5856
1,5857
1,5858
0,5859
1,5860
1,5861
1,5862
1,5863
1,5864
0,5865
0,5866
1,5867
1,5868
1,5869
1,5870
1,5871
1,5872
1,5873
0,5874
1,5875
1,5876
1,5877
0,5878
0,5879
0,5880
1,5881
1,5882
1,5883
0,5884
1,5885
1,5886
1,5887
1,5888
1,5889
0,5890
0,5891
1,5892
1,5893
1,5894
1,5895
1,5896
1,5897
1,5898
1,5899
1,5900
0,5901
1,5902
1,5903
1,5904
1,5905
1,5906
0,5907
1,5908
1,5909
1,5910
1,5911
1,5912
0,5913
0,5914
1,5915
1,5916
1,5917
1,5918
0,5919
1,5920
1,5921
0,5922
1,5923
1,5924
1,5925
1,5926
1,5927
1,5928
0,5929
0,5930
0,5931
1,5932
0,5933
0,5934
1,5935
0,5936
1,5937
0,5938
1,5939
0,5940
0,5941
0,5942
0,5943
0,5944
1,5945
1,5946
0,5947
1,5948
1,5949
1,5950
0,5951
1,5952
1,5953
0,5954
1,5955
1,5956
0,5957
1,5958
1,5959
0,5960
1,5961
1,5962
1,5963
1,5964
0,5965
1,5966
1,5967
0,5968
1,5969
1,5970
0,5971
1,5972
1,5973
0,5974
0,5975
1,5976
1,5977
1,5978
0,5979
1,5980
0,5981
1,5982
1,5983
0,5984
0,5985
1,5986
1,5987
1,5988
1,5989
1,5990
1,5991
0,5992
1,5993
1,5994
1,5995
0,5996
0,5997
0,5998
1,5999
1,6000
0,6001
0,6002
1,6003
1,6004
1,6005
1,6006
1,6007
0,6008
1,6009
1,6010
0,6011
1,6012
0,6013
1,6014
1,6015
1,6016
0,6017
1,6018
0,6019
0,6020
1,6021
0,6022
0,6023
1,6024
0,6025
1,6026
1,6027
1,6028
1,6029
0,6030
1,6031
1,6032
1,6033
1,6034
1,6035
1,6036
1,6037
0,6038
1,6039
0,6040
1,6041
1,6042
1,6043
0,6044
1,6045
1,6046
1,6047
0,6048
0,6049
0,6050
1,6051
0,6052
0,6053
1,6054
0,6055
0,6056
0,6057
1,6058
1,6059
1,6060
1,6061
0,6062
1,6063
1,6064
1,6065
1,6066
0,6067
0,6068
0,6069
1,6070
1,6071
1,6072
1,6073
1,6074
1,6075
1,6076
1,6077
1,6078
1,6079
0,6080
0,6081
1,6082
1,6083
0,6084
1,6085
0,6086
1,6087
1,6088
0,6089
1,6090
1,6091
1,6092
1,6093
1,6094
1,6095
1,6096
0,6097
0,6098
0,6099
1,6100
1,6101
1,6102
0,6103
1,6104
1,6105
1,6106
0,6107
1,6108
1,6109
0,6110
0,6111
0,6112
1,6113
1,6114
1,6115
0,6116
1,6117
0,6118
1,6119
0,6120
1,6121
1,6122
0,6123
1,6124
0,6125
1,6126
1,6127
1,6128
0,6129
1,6130
0,6131
1,6132
0,6133
0,6134
1,6135
0,6136
1,6137
0,6138
1,6139
1,6140
0,6141
1,6142
0,6143
1,6144
1,6145
0,6146
1,6147
1,6148
1,6149
1,6150
1,6151
1,6152
1,6153
1,6154
1,6155
0,6156
1,6157
1,6158
0,6159
1,6160
1,6161
1,6162
1,6163
0,6164
1,6165
0,6166
1,6167
1,6168
1,6169
0,6170
0,6171
1,6172
0,6173
1,6174
1,6175
1,6176
1,6177
0,6178
0,6179
0,6180
1,6181
1,6182
1,6183
0,6184
1,6185
0,6186
0,6187
1,6188
1,6189
1,6190
0,6191
1,6192
0,6193
0,6194
1,6195
1,6196
1,6197
0,6198
1,6199
1,6200
1,6201
0,6202
1,6203
1,6204
0,6205
0,6206
0,6207
1,6208
1,6209
1,6210
1,6211
1,6212
1,6213
1,6214
1,6215
0,6216
0,6217
1,6218
1,6219
1,6220
1,6221
1,6222
0,6223
0,6224
0,6225
0,6226
0,6227
1,6228
0,6229
1,6230
1,6231
0,6232
0,6233
1,6234
1,6235
0,6236
0,6237
1,6238
1,6239
1,6240
1,6241
1,6242
0,6243
1,6244
1,6245
1,6246
1,6247
1,6248
1,6249
0,6250
0,6251
0,6252
1,6253
1,6254
1,6255
0,6256
1,6257
0,6258
1,6259
1,6260
0,6261
0,6262
1,6263
0,6264
0,6265
0,6266
1,6267
1,6268
1,6269
1,6270
1,6271
0,6272
0,6273
1,6274
0,6275
1,6276
1,6277
0,6278
0,6279
1,6280
1,6281
1,6282
1,6283
1,6284
1,6285
1,6286
1,6287
0,6288
0,6289
1,6290
1,6291
1,6292
1,6293
0,6294
1,6295
0,6296
0,6297
1,6298
1,6299
1,6300
0,6301
1,6302
1,6303
1,6304
1,6305
1,6306
1,6307
1,6308
1,6309
0,6310
1,6311
1,6312
0,6313
1,6314
1,6315
1,6316
1,6317
0,6318
0,6319
0,6320
1,6321
1,6322
1,6323
1,6324
1,6325
0,6326
0,6327
1,6328
0,6329
1,6330
0,6331
1,6332
0,6333
1,6334
0,6335
0,6336
1,6337
0,6338
1,6339
1,6340
1,6341
1,6342
0,6343
1,6344
1,6345
0,6346
1,6347
0,6348
1,6349
1,6350
1,6351
1,6352
1,6353
0,6354
1,6355
0,6356
1,6357
0,6358
1,6359
1,6360
0,6361
1,6362
1,6363
1,6364
1,6365
0,6366
0,6367
1,6368
0,6369
1,6370
1,6371
1,6372
0,6373
0,6374
0,6375
1,6376
0,6377
0,6378
1,6379
1,6380
1,6381
0,6382
0,6383
0,6384
0,6385
1,6386
0,6387
1,6388
1,6389
0,6390
1,6391
0,6392
1,6393
1,6394
1,6395
0,6396
0,6397
0,6398
0,6399
1,6400
0,6401
0,6402
1,6403
0,6404
1,6405
0,6406
1,6407
1,6408
0,6409
1,6410
0,6411
1,6412
0,6413
1,6414
1,6415
1,6416
1,6417
1,6418
1,6419
0,6420
1,6421
0,6422
1,6423
1,6424
0,6425
0,6426
1,6427
0,6428
0,6429
1,6430
1,6431
1,6432
1,6433
0,6434
1,6435
0,6436
1,6437
0,6438
1,6439
1,6440
1,6441
0,6442
1,6443
1,6444
1,6445
1,6446
0,6447
1,6448
0,6449
1,6450
1,6451
1,6452
0,6453
1,6454
1,6455
0,6456
1,6457
1,6458
0,6459
1,6460
1,6461
1,6462
1,6463
0,6464
1,6465
1,6466
0,6467
0,6468
1,6469
0,6470
0,6471
1,6472
1,6473
1,6474
1,6475
1,6476
1,6477
1,6478
1,6479
0,6480
1,6481
0,6482
1,6483
0,6484
0,6485
0,6486
1,6487
0,6488
0,6489
0,6490
1,6491
1,6492
0,6493
0,6494
1,6495
0,6496
0,6497
1,6498
1,6499
1,6500
0,6501
1,6502
1,6503
1,6504
1,6505
0,6506
1,6507
1,6508
1,6509
1,6510
1,6511
0,6512
0,6513
1,6514
0,6515
1,6516
1,6517
1,6518
1,6519
1,6520
0,6521
0,6522
1,6523
0,6524
0,6525
0,6526
1,6527
1,6528
0,6529
1,6530
1,6531
0,6532
1,6533
1,6534
1,6535
1,6536
1,6537
0,6538
1,6539
0,6540
0,6541
1,6542
1,6543
1,6544
1,6545
1,6546
0,6547
0,6548
1,6549
0,6550
0,6551
1,6552
0,6553
0,6554
0,6555
1,6556
0,6557
1,6558
1,6559
1,6560
0,6561
0,6562
1,6563
0,6564
1,6565
1,6566
0,6567
0,6568
1,6569
1,6570
0,6571
1,6572
1,6573
1,6574
1,6575
0,6576
0,6577
0,6578
1,6579
1,6580
1,6581
0,6582
0,6583
1,6584
0,6585
1,6586
1,6587
1,6588
1,6589
1,6590
1,6591
1,6592
1,6593
1,6594
1,6595
1,6596
1,6597
0,6598
1,6599
0,6600
1,6601
1,6602
0,6603
0,6604
0,6605
1,6606
0,6607
1,6608
0,6609
1,6610
0,6611
1,6612
1,6613
0,6614
1,6615
0,6616
1,6617
1,6618
1,6619
1,6620
1,6621
1,6622
0,6623
1,6624
0,6625
1,6626
1,6627
1,6628
1,6629
1,6630
0,6631
1,6632
0,6633
1,6634
1,6635
1,6636
0,6637
1,6638
1,6639
1,6640
0,6641
1,6642
0,6643
1,6644
0,6645
0,6646
0,6647
0,6648
1,6649
0,6650
1,6651
1,6652
1,6653
0,6654
1,6655
1,6656
1,6657
1,6658
1,6659
1,6660
0,6661
1,6662
0,6663
0,6664
0,6665
1,6666
0,6667
1,6668
0,6669
1,6670
0,6671
0,6672
1,6673
1,6674
1,6675
1,6676
0,6677
0,6678
1,6679
0,6680
1,6681
1,6682
1,6683
0,6684
0,6685
0,6686
1,6687
1,6688
0,6689
1,6690
1,6691
1,6692
0,6693
1,6694
1,6695
1,6696
1,6697
1,6698
1,6699
0,6700
1,6701
0,6702
1,6703
1,6704
1,6705
1,6706
1,6707
0,6708
1,6709
0,6710
0,6711
1,6712
1,6713
0,6714
0,6715
1,6716
1,6717
1,6718
0,6719
1,6720
1,6721
1,6722
0,6723
1,6724
0,6725
1,6726
0,6727
0,6728
1,6729
1,6730
1,6731
1,6732
0,6733
0,6734
1,6735
0,6736
1,6737
1,6738
0,6739
1,6740
1,6741
1,6742
0,6743
1,6744
1,6745
1,6746
0,6747
1,6748
1,6749
0,6750
1,6751
1,6752
1,6753
0,6754
1,6755
0,6756
0,6757
1,6758
1,6759
1,6760
1,6761
0,6762
1,6763
1,6764
1,6765
0,6766
1,6767
0,6768
1,6769
1,6770
1,6771
1,6772
1,6773
0,6774
1,6775
1,6776
0,6777
1,6778
1,6779
0,6780
0,6781
1,6782
1,6783
0,6784
0,6785
1,6786
0,6787
1,6788
0,6789
1,6790
1,6791
1,6792
0,6793
1,6794
1,6795
1,6796
0,6797
0,6798
1,6799
0,6800
1,6801
0,6802
1,6803
0,6804
0,6805
1,6806
1,6807
1,6808
1,6809
1,6810
1,6811
1,6812
1,6813
0,6814
1,6815
0,6816
1,6817
1,6818
1,6819
0,6820
1,6821
0,6822
1,6823
1,6824
1,6825
1,6826
1,6827
1,6828
1,6829
1,6830
1,6831
1,6832
1,6833
0,6834
1,6835
1,6836
0,6837
1,6838
0,6839
0,6840
1,6841
0,6842
1,6843
1,6844
0,6845
0,6846
1,6847
0,6848
1,6849
1,6850
1,6851
1,6852
1,6853
1,6854
0,6855
0,6856
0,6857
0,6858
0,6859
1,6860
1,6861
1,6862
0,6863
0,6864
1,6865
0,6866
0,6867
1,6868
0,6869
1,6870
0,6871
1,6872
0,6873
0,6874
0,6875
1,6876
1,6877
1,6878
1,6879
1,6880
0,6881
1,6882
1,6883
1,6884
1,6885
1,6886
1,6887
1,6888
1,6889
0,6890
0,6891
1,6892
1,6893
0,6894
1,6895
1,6896
1,6897
1,6898
0,6899
0,6900
1,6901
0,6902
1,6903
0,6904
1,6905
0,6906
1,6907
1,6908
1,6909
0,6910
0,6911
1,6912
1,6913
0,6914
1,6915
1,6916
1,6917
1,6918
0,6919
1,6920
1,6921
0,6922
1,6923
1,6924
1,6925
1,6926
1,6927
1,6928
0,6929
0,6930
1,6931
1,6932
1,6933
1,6934
0,6935
1,6936
0,6937
1,6938
1,6939
1,6940
1,6941
0,6942
1,6943
1,6944
1,6945
0,6946
1,6947
1,6948
1,6949
1,6950
0,6951
0,6952
1,6953
0,6954
1,6955
1,6956
0,6957
1,6958
1,6959
0,6960
1,6961
1,6962
0,6963
1,6964
0,6965
1,6966
0,6967
0,6968
1,6969
1,6970
1,6971
1,6972
1,6973
1,6974
0,6975
1,6976
1,6977
1,6978
1,6979
0,6980
1,6981
1,6982
1,6983
0,6984
1,6985
1,6986
1,6987
1,6988
1,6989
0,6990
0,6991
1,6992
1,6993
1,6994
1,6995
1,6996
1,6997
0,6998
0,6999
0,7000
1,7001
1,7002
0,7003
0,7004
1,7005
1,7006
0,7007
0,7008
1,7009
1,7010
1,7011
1,7012
1,7013
1,7014
0,7015
1,7016
0,7017
0,7018
1,7019
1,7020
0,7021
0,7022
1,7023
0,7024
1,7025
1,7026
1,7027
1,7028
0,7029
0,7030
1,7031
0,7032
0,7033
0,7034
0,7035
1,7036
1,7037
1,7038
0,7039
1,7040
1,7041
1,7042
1,7043
1,7044
1,7045
1,7046
0,7047
1,7048
1,7049
1,7050
0,7051
0,7052
0,7053
0,7054
1,7055
0,7056
1,7057
1,7058
0,7059
0,7060
0,7061
1,7062
1,7063
0,7064
0,7065
1,7066
0,7067
1,7068
1,7069
0,7070
0,7071
1,7072
0,7073
1,7074
0,7075
0,7076
1,7077
1,7078
1,7079
1,7080
1,7081
0,7082
1,7083
0,7084
1,7085
0,7086
1,7087
0,7088
1,7089
1,7090
1,7091
1,7092
1,7093
1,7094
1,7095
1,7096
1,7097
0,7098
1,7099
1,7100
1,7101
0,7102
0,7103
1,7104
0,7105
1,7106
1,7107
0,7108
1,7109
1,7110
0,7111
1,7112
1,7113
1,7114
1,7115
1,7116
1,7117
0,7118
0,7119
1,7120
1,7121
1,7122
0,7123
0,7124
0,7125
1,7126
0,7127
0,7128
1,7129
1,7130
0,7131
1,7132
1,7133
1,7134
1,7135
1,7136
1,7137
0,7138
1,7139
1,7140
0,7141
1,7142
1,7143
0,7144
1,7145
0,7146
1,7147
1,7148
1,7149
1,7150
1,7151
1,7152
1,7153
1,7154
1,7155
1,7156
0,7157
0,7158
1,7159
1,7160
1,7161
0,7162
1,7163
0,7164
1,7165
1,7166
0,7167
0,7168
1,7169
0,7170
1,7171
1,7172
1,7173
1,7174
0,7175
1,7176
1,7177
1,7178
1,7179
1,7180
1,7181
1,7182
1,7183
1,7184
1,7185
1,7186
1,7187
1,7188
1,7189
1,7190
1,7191
0,7192
1,7193
0,7194
1,7195
1,7196
0,7197
1,7198
1,7199
0,7200
0,7201
0,7202
1,7203
1,7204
0,7205
1,7206
0,7207
0,7208
0,7209
1,7210
1,7211
0,7212
1,7213
1,7214
1,7215
0,7216
0,7217
0,7218
1,7219
1,7220
0,7221
0,7222
1,7223
1,7224
1,7225
0,7226
1,7227
1,7228
1,7229
1,7230
1,7231
1,7232
1,7233
1,7234
0,7235
1,7236
1,7237
0,7238
1,7239
1,7240
1,7241
1,7242
0,7243
1,7244
0,7245
1,7246
0,7247
0,7248
0,7249
0,7250
0,7251
0,7252
1,7253
0,7254
0,7255
1,7256
0,7257
1,7258
0,7259
1,7260
0,7261
0,7262
1,7263
0,7264
0,7265
1,7266
1,7267
0,7268
1,7269
1,7270
1,7271
1,7272
0,7273
1,7274
0,7275
1,7276
1,7277
1,7278
0,7279
0,7280
1,7281
0,7282
1,7283
0,7284
1,7285
1,7286
1,7287
1,7288
1,7289
1,7290
1,7291
1,7292
1,7293
1,7294
1,7295
0,7296
0,7297
1,7298
0,7299
1,7300
1,7301
1,7302
0,7303
0,7304
0,7305
1,7306
1,7307
1,7308
1,7309
1,7310
0,7311
1,7312
1,7313
0,7314
1,7315
1,7316
0,7317
1,7318
0,7319
0,7320
0,7321
1,7322
1,7323
1,7324
0,7325
0,7326
0,7327
1,7328
0,7329
1,7330
0,7331
1,7332
0,7333
1,7334
1,7335
1,7336
1,7337
0,7338
0,7339
1,7340
0,7341
0,7342
1,7343
1,7344
1,7345
1,7346
1,7347
1,7348
1,7349
1,7350
0,7351
0,7352
1,7353
0,7354
0,7355
0,7356
1,7357
1,7358
0,7359
1,7360
1,7361
0,7362
1,7363
0,7364
1,7365
1,7366
1,7367
1,7368
0,7369
0,7370
0,7371
0,7372
0,7373
1,7374
0,7375
1,7376
0,7377
1,7378
1,7379
0,7380
0,7381
0,7382
1,7383
0,7384
1,7385
1,7386
0,7387
1,7388
0,7389
1,7390
1,7391
1,7392
0,7393
0,7394
0,7395
0,7396
1,7397
1,7398
0,7399
1,7400
1,7401
1,7402
0,7403
0,7404
1,7405
1,7406
1,7407
0,7408
1,7409
1,7410
1,7411
1,7412
0,7413
0,7414
0,7415
1,7416
0,7417
1,7418
0,7419
0,7420
0,7421
0,7422
0,7423
0,7424
0,7425
1,7426
0,7427
0,7428
1,7429
1,7430
1,7431
0,7432
1,7433
1,7434
1,7435
1,7436
1,7437
0,7438
0,7439
1,7440
1,7441
0,7442
0,7443
1,7444
0,7445
0,7446
0,7447
1,7448
1,7449
1,7450
1,7451
0,7452
1,7453
1,7454
1,7455
1,7456
1,7457
0,7458
1,7459
1,7460
1,7461
0,7462
1,7463
1,7464
0,7465
0,7466
1,7467
1,7468
1,7469
1,7470
1,7471
1,7472
0,7473
1,7474
0,7475
1,7476
0,7477
0,7478
0,7479
1,7480
1,7481
1,7482
1,7483
1,7484
0,7485
1,7486
1,7487
1,7488
1,7489
0,7490
0,7491
1,7492
1,7493
0,7494
0,7495
1,7496
1,7497
1,7498
1,7499
1,7500
1,7501
1,7502
0,7503
1,7504
1,7505
1,7506
0,7507
0,7508
1,7509
0,7510
1,7511
1,7512
1,7513
0,7514
1,7515
1,7516
1,7517
1,7518
0,7519
0,7520
0,7521
1,7522
1,7523
0,7524
1,7525
1,7526
1,7527
0,7528
0,7529
0,7530
1,7531
1,7532
1,7533
1,7534
1,7535
1,7536
0,7537
0,7538
1,7539
0,7540
1,7541
1,7542
1,7543
1,7544
1,7545
1,7546
0,7547
1,7548
1,7549
0,7550
1,7551
0,7552
1,7553
1,7554
1,7555
0,7556
1,7557
0,7558
0,7559
1,7560
0,7561
0,7562
0,7563
1,7564
0,7565
0,7566
1,7567
1,7568
1,7569
0,7570
1,7571
1,7572
0,7573
1,7574
0,7575
1,7576
0,7577
1,7578
1,7579
1,7580
1,7581
0,7582
1,7583
0,7584
0,7585
0,7586
0,7587
1,7588
1,7589
1,7590
0,7591
0,7592
1,7593
1,7594
0,7595
0,7596
1,7597
0,7598
0,7599
0,7600
0,7601
1,7602
0,7603
1,7604
0,7605
1,7606
0,7607
0,7608
0,7609
1,7610
0,7611
0,7612
1,7613
1,7614
0,7615
0,7616
1,7617
1,7618
0,7619
1,7620
0,7621
1,7622
0,7623
1,7624
1,7625
1,7626
0,7627
1,7628
0,7629
1,7630
0,7631
1,7632
1,7633
0,7634
1,7635
0,7636
1,7637
1,7638
0,7639
1,7640
1,7641
0,7642
0,7643
0,7644
0,7645
1,7646
1,7647
0,7648
0,7649
1,7650
1,7651
1,7652
1,7653
1,7654
1,7655
0,7656
0,7657
1,7658
0,7659
1,7660
1,7661
0,7662
1,7663
1,7664
0,7665
0,7666
1,7667
1,7668
1,7669
0,7670
0,7671
1,7672
1,7673
0,7674
1,7675
0,7676
0,7677
1,7678
1,7679
1,7680
1,7681
1,7682
1,7683
0,7684
1,7685
1,7686
0,7687
0,7688
1,7689
0,7690
1,7691
1,7692
1,7693
0,7694
1,7695
0,7696
0,7697
1,7698
1,7699
1,7700
0,7701
1,7702
0,7703
1,7704
1,7705
1,7706
1,7707
0,7708
1,7709
1,7710
1,7711
1,7712
1,7713
1,7714
0,7715
0,7716
1,7717
1,7718
1,7719
0,7720
1,7721
0,7722
0,7723
1,7724
1,7725
1,7726
1,7727
1,7728
1,7729
1,7730
1,7731
1,7732
1,7733
1,7734
1,7735
0,7736
1,7737
0,7738
0,7739
1,7740
1,7741
1,7742
1,7743
1,7744
1,7745
0,7746
1,7747
1,7748
0,7749
0,7750
1,7751
1,7752
0,7753
1,7754
1,7755
1,7756
1,7757
0,7758
1,7759
1,7760
1,7761
1,7762
1,7763
0,7764
0,7765
0,7766
0,7767
0,7768
0,7769
1,7770
1,7771
0,7772
1,7773
0,7774
1,7775
1,7776
0,7777
0,7778
1,7779
0,7780
0,7781
0,7782
1,7783
0,7784
1,7785
1,7786
1,7787
1,7788
1,7789
1,7790
1,7791
1,7792
1,7793
0,7794
1,7795
1,7796
0,7797
0,7798
1,7799
1,7800
0,7801
0,7802
1,7803
0,7804
0,7805
1,7806
1,7807
0,7808
0,7809
0,7810
1,7811
0,7812
0,7813
1,7814
1,7815
1,7816
0,7817
1,7818
1,7819
0,7820
1,7821
1,7822
1,7823
1,7824
0,7825
1,7826
1,7827
0,7828
0,7829
1,7830
1,7831
1,7832
0,7833
0,7834
1,7835
0,7836
1,7837
0,7838
0,7839
1,7840
1,7841
1,7842
0,7843
1,7844
0,7845
1,7846
1,7847
1,7848
1,7849
1,7850
1,7851
1,7852
1,7853
1,7854
0,7855
1,7856
1,7857
1,7858
1,7859
1,7860
0,7861
0,7862
1,7863
0,7864
1,7865
1,7866
1,7867
0,7868
1,7869
0,7870
1,7871
1,7872
0,7873
0,7874
1,7875
0,7876
0,7877
0,7878
1,7879
1,7880
0,7881
1,7882
1,7883
1,7884
1,7885
1,7886
1,7887
0,7888
1,7889
0,7890
1,7891
0,7892
1,7893
0,7894
1,7895
0,7896
0,7897
1,7898
1,7899
1,7900
1,7901
0,7902
1,7903
1,7904
1,7905
0,7906
0,7907
1,7908
1,7909
1,7910
0,7911
1,7912
0,7913
1,7914
0,7915
1,7916
0,7917
1,7918
0,7919
1,7920
1,7921
0,7922
1,7923
1,7924
1,7925
1,7926
1,7927
1,7928
0,7929
0,7930
1,7931
0,7932
1,7933
1,7934
1,7935
1,7936
0,7937
1,7938
1,7939
0,7940
1,7941
0,7942
1,7943
1,7944
1,7945
1,7946
1,7947
1,7948
1,7949
1,7950
1,7951
0,7952
0,7953
0,7954
1,7955
1,7956
1,7957
0,7958
0,7959
1,7960
0,7961
1,7962
0,7963
0,7964
0,7965
1,7966
0,7967
1,7968
1,7969
1,7970
1,7971
1,7972
0,7973
1,7974
1,7975
1,7976
1,7977
0,7978
1,7979
0,7980
0,7981
0,7982
0,7983
0,7984
0,7985
0,7986
1,7987
1,7988
1,7989
0,7990
1,7991
1,7992
0,7993
0,7994
1,7995
1,7996
1,7997
1,7998
1,7999
1,8000
0,8001
1,8002
1,8003
1,8004
1,8005
1,8006
0,8007
0,8008
0,8009
1,8010
0,8011
1,8012
0,8013
1,8014
0,8015
0,8016
1,8017
0,8018
1,8019
0,8020
1,8021
1,8022
1,8023
1,8024
1,8025
0,8026
0,8027
1,8028
0,8029
0,8030
1,8031
0,8032
0,8033
0,8034
1,8035
1,8036
1,8037
1,8038
1,8039
0,8040
0,8041
0,8042
1,8043
1,8044
1,8045
1,8046
0,8047
1,8048
0,8049
1,8050
0,8051
1,8052
1,8053
0,8054
1,8055
0,8056
1,8057
1,8058
1,8059
1,8060
1,8061
0,8062
1,8063
1,8064
0,8065
0,8066
1,8067
1,8068
1,8069
1,8070
0,8071
1,8072
0,8073
1,8074
1,8075
1,8076
0,8077
1,8078
1,8079
1,8080
1,8081
0,8082
0,8083
1,8084
0,8085
1,8086
0,8087
1,8088
1,8089
0,8090
1,8091
0,8092
0,8093
1,8094
1,8095
0,8096
1,8097
0,8098
1,8099
1,8100
0,8101
1,8102
1,8103
0,8104
1,8105
1,8106
0,8107
1,8108
1,8109
1,8110
1,8111
1,8112
0,8113
0,8114
1,8115
1,8116
1,8117
1,8118
0,8119
1,8120
0,8121
0,8122
0,8123
0,8124
0,8125
1,8126
1,8127
0,8128
1,8129
0,8130
1,8131
1,8132
0,8133
0,8134
0,8135
1,8136
0,8137
0,8138
1,8139
1,8140
0,8141
1,8142
0,8143
1,8144
1,8145
0,8146
1,8147
1,8148
0,8149
0,8150
0,8151
1,8152
1,8153
1,8154
0,8155
0,8156
1,8157
1,8158
1,8159
0,8160
0,8161
1,8162
1,8163
1,8164
1,8165
1,8166
1,8167
1,8168
0,8169
0,8170
1,8171
0,8172
1,8173
1,8174
1,8175
1,8176
1,8177
1,8178
0,8179
1,8180
0,8181
0,8182
0,8183
0,8184
0,8185
1,8186
1,8187
0,8188
0,8189
1,8190
1,8191
1,8192
1,8193
1,8194
1,8195
1,8196
1,8197
0,8198
1,8199
1,8200
1,8201
0,8202
0,8203
1,8204
0,8205
1,8206
1,8207
0,8208
0,8209
1,8210
0,8211
1,8212
1,8213
1,8214
0,8215
1,8216
0,8217
1,8218
1,8219
0,8220
1,8221
1,8222
1,8223
0,8224
1,8225
1,8226
1,8227
1,8228
1,8229
1,8230
0,8231
1,8232
0,8233
1,8234
1,8235
0,8236
1,8237
1,8238
0,8239
1,8240
1,8241
1,8242
1,8243
1,8244
1,8245
1,8246
0,8247
1,8248
1,8249
0,8250
1,8251
1,8252
1,8253
1,8254
1,8255
1,8256
1,8257
0,8258
1,8259
1,8260
1,8261
1,8262
1,8263
1,8264
0,8265
1,8266
1,8267
1,8268
1,8269
1,8270
1,8271
1,8272
1,8273
0,8274
1,8275
1,8276
0,8277
1,8278
0,8279
1,8280
1,8281
1,8282
1,8283
0,8284
0,8285
1,8286
1,8287
1,8288
1,8289
0,8290
1,8291
1,8292
1,8293
1,8294
0,8295
1,8296
0,8297
1,8298
1,8299
1,8300
1,8301
0,8302
1,8303
1,8304
1,8305
0,8306
1,8307
1,8308
0,8309
1,8310
0,8311
0,8312
0,8313
0,8314
1,8315
1,8316
1,8317
1,8318
1,8319
0,8320
1,8321
1,8322
1,8323
1,8324
1,8325
0,8326
1,8327
1,8328
0,8329
1,8330
1,8331
1,8332
1,8333
0,8334
0,8335
1,8336
0,8337
0,8338
1,8339
1,8340
1,8341
1,8342
0,8343
0,8344
0,8345
1,8346
0,8347
1,8348
1,8349
1,8350
1,8351
0,8352
0,8353
1,8354
1,8355
1,8356
1,8357
1,8358
0,8359
0,8360
1,8361
1,8362
0,8363
0,8364
1,8365
1,8366
0,8367
1,8368
1,8369
1,8370
1,8371
1,8372
1,8373
1,8374
0,8375
1,8376
0,8377
1,8378
1,8379
1,8380
0,8381
1,8382
1,8383
1,8384
1,8385
1,8386
0,8387
1,8388
0,8389
1,8390
1,8391
1,8392
1,8393
1,8394
0,8395
1,8396
1,8397
0,8398
1,8399
1,8400
1,8401
1,8402
1,8403
0,8404
1,8405
1,8406
1,8407
1,8408
1,8409
0,8410
1,8411
1,8412
1,8413
0,8414
0,8415
1,8416
1,8417
1,8418
1,8419
1,8420
0,8421
0,8422
1,8423
0,8424
1,8425
0,8426
0,8427
1,8428
1,8429
1,8430
0,8431
0,8432
1,8433
0,8434
1,8435
0,8436
1,8437
1,8438
1,8439
1,8440
1,8441
1,8442
1,8443
1,8444
1,8445
1,8446
0,8447
1,8448
0,8449
1,8450
1,8451
1,8452
1,8453
1,8454
1,8455
1,8456
1,8457
0,8458
1,8459
0,8460
1,8461
1,8462
1,8463
0,8464
0,8465
1,8466
1,8467
1,8468
0,8469
1,8470
1,8471
1,8472
1,8473
0,8474
1,8475
0,8476
1,8477
1,8478
0,8479
0,8480
1,8481
0,8482
1,8483
0,8484
1,8485
1,8486
1,8487
1,8488
1,8489
0,8490
0,8491
1,8492
0,8493
0,8494
0,8495
1,8496
0,8497
1,8498
0,8499
1,8500
1,8501
1,8502
0,8503
1,8504
0,8505
0,8506
0,8507
0,8508
1,8509
0,8510
0,8511
1,8512
0,8513
1,8514
0,8515
0,8516
1,8517
1,8518
0,8519
1,8520
1,8521
1,8522
1,8523
1,8524
1,8525
1,8526
1,8527
0,8528
1,8529
1,8530
1,8531
0,8532
1,8533
1,8534
1,8535
1,8536
0,8537
0,8538
1,8539
1,8540
0,8541
1,8542
0,8543
0,8544
1,8545
1,8546
0,8547
0,8548
1,8549
0,8550
0,8551
1,8552
1,8553
1,8554
0,8555
1,8556
1,8557
0,8558
0,8559
1,8560
1,8561
1,8562
1,8563
1,8564
1,8565
1,8566
1,8567
1,8568
1,8569
1,8570
1,8571
1,8572
1,8573
1,8574
1,8575
0,8576
1,8577
0,8578
1,8579
0,8580
1,8581
1,8582
1,8583
1,8584
0,8585
1,8586
1,8587
0,8588
0,8589
1,8590
0,8591
1,8592
1,8593
0,8594
0,8595
1,8596
1,8597
0,8598
1,8599
1,8600
1,8601
1,8602
0,8603
0,8604
1,8605
0,8606
1,8607
1,8608
0,8609
1,8610
1,8611
0,8612
1,8613
0,8614
1,8615
1,8616
0,8617
0,8618
0,8619
1,8620
1,8621
0,8622
1,8623
1,8624
0,8625
0,8626
1,8627
0,8628
0,8629
1,8630
1,8631
1,8632
1,8633
0,8634
0,8635
0,8636
1,8637
1,8638
1,8639
1,8640
0,8641
1,8642
1,8643
0,8644
0,8645
1,8646
0,8647
1,8648
0,8649
1,8650
0,8651
1,8652
1,8653
1,8654
0,8655
0,8656
0,8657
1,8658
0,8659
1,8660
1,8661
1,8662
1,8663
1,8664
1,8665
1,8666
1,8667
0,8668
1,8669
1,8670
1,8671
1,8672
0,8673
1,8674
0,8675
0,8676
1,8677
1,8678
0,8679
1,8680
0,8681
1,8682
0,8683
1,8684
1,8685
1,8686
1,8687
1,8688
0,8689
1,8690
1,8691
0,8692
1,8693
0,8694
0,8695
1,8696
0,8697
0,8698
1,8699
1,8700
1,8701
1,8702
0,8703
0,8704
1,8705
1,8706
0,8707
1,8708
1,8709
1,8710
1,8711
1,8712
1,8713
1,8714
0,8715
1,8716
1,8717
0,8718
0,8719
0,8720
0,8721
1,8722
1,8723
0,8724
1,8725
0,8726
1,8727
0,8728
0,8729
0,8730
1,8731
1,8732
1,8733
1,8734
0,8735
1,8736
1,8737
1,8738
1,8739
1,8740
1,8741
1,8742
1,8743
1,8744
1,8745
1,8746
1,8747
1,8748
1,8749
1,8750
1,8751
1,8752
0,8753
0,8754
1,8755
0,8756
1,8757
1,8758
1,8759
1,8760
1,8761
1,8762
0,8763
1,8764
1,8765
1,8766
1,8767
1,8768
1,8769
1,8770
1,8771
0,8772
1,8773
0,8774
1,8775
0,8776
1,8777
0,8778
0,8779
1,8780
1,8781
0,8782
0,8783
0,8784
1,8785
0,8786
1,8787
1,8788
1,8789
1,8790
1,8791
1,8792
0,8793
0,8794
0,8795
0,8796
0,8797
1,8798
1,8799
0,8800
1,8801
1,8802
1,8803
1,8804
1,8805
1,8806
1,8807
0,8808
1,8809
1,8810
1,8811
1,8812
1,8813
1,8814
1,8815
1,8816
0,8817
0,8818
0,8819
0,8820
1,8821
1,8822
1,8823
1,8824
0,8825
1,8826
1,8827
1,8828
0,8829
1,8830
0,8831
1,8832
1,8833
1,8834
1,8835
0,8836
0,8837
0,8838
1,8839
1,8840
0,8841
1,8842
0,8843
1,8844
0,8845
0,8846
1,8847
1,8848
1,8849
0,8850
1,8851
1,8852
0,8853
0,8854
1,8855
0,8856
0,8857
1,8858
1,8859
1,8860
1,8861
0,8862
0,8863
1,8864
1,8865
1,8866
1,8867
1,8868
0,8869
0,8870
1,8871
1,8872
1,8873
0,8874
0,8875
1,8876
0,8877
0,8878
0,8879
1,8880
1,8881
1,8882
0,8883
1,8884
1,8885
0,8886
1,8887
1,8888
0,8889
0,8890
0,8891
1,8892
1,8893
1,8894
1,8895
1,8896
0,8897
0,8898
1,8899
1,8900
1,8901
1,8902
0,8903
0,8904
0,8905
0,8906
1,8907
0,8908
1,8909
1,8910
1,8911
0,8912
0,8913
0,8914
1,8915
1,8916
1,8917
1,8918
1,8919
1,8920
0,8921
1,8922
0,8923
0,8924
1,8925
0,8926
0,8927
0,8928
1,8929
1,8930
1,8931
1,8932
1,8933
1,8934
1,8935
1,8936
1,8937
1,8938
0,8939
0,8940
1,8941
1,8942
1,8943
1,8944
1,8945
1,8946
0,8947
0,8948
0,8949
1,8950
1,8951
0,8952
1,8953
0,8954
0,8955
1,8956
0,8957
0,8958
1,8959
1,8960
1,8961
1,8962
1,8963
0,8964
1,8965
1,8966
0,8967
1,8968
1,8969
0,8970
1,8971
0,8972
0,8973
1,8974
1,8975
1,8976
1,8977
0,8978
0,8979
0,8980
1,8981
0,8982
1,8983
0,8984
0,8985
1,8986
0,8987
1,8988
1,8989
1,8990
1,8991
1,8992
1,8993
1,8994
0,8995
0,8996
0,8997
1,8998
0,8999
1,9000
0,9001
0,9002
1,9003
0,9004
0,9005
0,9006
1,9007
1,9008
0,9009
0,9010
1,9011
1,9012
1,9013
1,9014
0,9015
1,9016
1,9017
1,9018
0,9019
1,9020
1,9021
1,9022
1,9023
1,9024
1,9025
1,9026
1,9027
0,9028
0,9029
1,9030
0,9031
1,9032
0,9033
1,9034
0,9035
0,9036
1,9037
1,9038
1,9039
0,9040
1,9041
1,9042
1,9043
1,9044
1,9045
0,9046
0,9047
0,9048
1,9049
1,9050
1,9051
1,9052
1,9053
1,9054
1,9055
1,9056
1,9057
1,9058
1,9059
1,9060
1,9061
0,9062
1,9063
0,9064
1,9065
1,9066
0,9067
0,9068
0,9069
1,9070
1,9071
1,9072
1,9073
1,9074
0,9075
1,9076
1,9077
1,9078
1,9079
1,9080
1,9081
1,9082
1,9083
1,9084
0,9085
0,9086
1,9087
0,9088
1,9089
1,9090
1,9091
0,9092
0,9093
1,9094
0,9095
1,9096
0,9097
1,9098
0,9099
1,9100
1,9101
0,9102
0,9103
0,9104
1,9105
1,9106
1,9107
0,9108
1,9109
0,9110
1,9111
1,9112
1,9113
0,9114
1,9115
1,9116
1,9117
1,9118
0,9119
1,9120
0,9121
1,9122
1,9123
1,9124
1,9125
0,9126
0,9127
0,9128
1,9129
0,9130
0,9131
0,9132
1,9133
1,9134
1,9135
0,9136
1,9137
0,9138
0,9139
1,9140
1,9141
0,9142
1,9143
1,9144
1,9145
0,9146
1,9147
1,9148
0,9149
1,9150
1,9151
1,9152
1,9153
1,9154
1,9155
1,9156
1,9157
0,9158
1,9159
1,9160
0,9161
1,9162
1,9163
1,9164
1,9165
1,9166
0,9167
0,9168
0,9169
1,9170
1,9171
0,9172
0,9173
1,9174
1,9175
1,9176
0,9177
0,9178
1,9179
0,9180
1,9181
0,9182
1,9183
0,9184
0,9185
0,9186
1,9187
0,9188
1,9189
0,9190
1,9191
0,9192
1,9193
1,9194
1,9195
1,9196
0,9197
1,9198
1,9199
1,9200
0,9201
1,9202
1,9203
1,9204
1,9205
1,9206
1,9207
1,9208
0,9209
0,9210
1,9211
0,9212
1,9213
0,9214
0,9215
1,9216
1,9217
0,9218
0,9219
0,9220
0,9221
0,9222
1,9223
0,9224
0,9225
1,9226
1,9227
1,9228
1,9229
1,9230
0,9231
1,9232
1,9233
0,9234
0,9235
1,9236
1,9237
0,9238
1,9239
1,9240
1,9241
0,9242
1,9243
1,9244
0,9245
0,9246
1,9247
1,9248
0,9249
1,9250
1,9251
1,9252
1,9253
1,9254
1,9255
1,9256
1,9257
1,9258
1,9259
1,9260
0,9261
1,9262
1,9263
1,9264
1,9265
0,9266
1,9267
1,9268
1,9269
1,9270
0,9271
0,9272
0,9273
1,9274
1,9275
1,9276
1,9277
0,9278
0,9279
0,9280
1,9281
1,9282
0,9283
1,9284
0,9285
1,9286
1,9287
1,9288
1,9289
1,9290
0,9291
0,9292
1,9293
1,9294
1,9295
1,9296
0,9297
0,9298
1,9299
0,9300
1,9301
1,9302
0,9303
0,9304
1,9305
0,9306
1,9307
1,9308
0,9309
1,9310
1,9311
1,9312
1,9313
0,9314
1,9315
0,9316
1,9317
1,9318
1,9319
1,9320
0,9321
0,9322
1,9323
0,9324
1,9325
0,9326
1,9327
0,9328
1,9329
1,9330
1,9331
1,9332
1,9333
1,9334
1,9335
1,9336
0,9337
1,9338
1,9339
0,9340
0,9341
1,9342
0,9343
1,9344
0,9345
1,9346
1,9347
0,9348
1,9349
0,9350
1,9351
1,9352
1,9353
1,9354
0,9355
1,9356
0,9357
1,9358
1,9359
0,9360
0,9361
1,9362
0,9363
1,9364
1,9365
1,9366
0,9367
0,9368
0,9369
1,9370
1,9371
1,9372
1,9373
1,9374
0,9375
1,9376
0,9377
1,9378
1,9379
0,9380
1,9381
0,9382
1,9383
1,9384
0,9385
1,9386
1,9387
0,9388
1,9389
1,9390
1,9391
0,9392
0,9393
1,9394
0,9395
1,9396
0,9397
1,9398
1,9399
1,9400
0,9401
1,9402
1,9403
0,9404
1,9405
1,9406
1,9407
0,9408
1,9409
1,9410
0,9411
1,9412
0,9413
0,9414
0,9415
0,9416
1,9417
1,9418
1,9419
1,9420
1,9421
1,9422
0,9423
1,9424
0,9425
0,9426
0,9427
1,9428
1,9429
1,9430
1,9431
0,9432
1,9433
1,9434
1,9435
1,9436
0,9437
1,9438
1,9439
1,9440
1,9441
1,9442
1,9443
1,9444
1,9445
1,9446
0,9447
0,9448
1,9449
1,9450
0,9451
1,9452
0,9453
1,9454
0,9455
1,9456
1,9457
0,9458
1,9459
1,9460
1,9461
1,9462
0,9463
0,9464
1,9465
1,9466
1,9467
1,9468
1,9469
1,9470
1,9471
0,9472
1,9473
0,9474
1,9475
0,9476
1,9477
0,9478
1,9479
1,9480
0,9481
0,9482
1,9483
0,9484
0,9485
0,9486
0,9487
0,9488
1,9489
1,9490
1,9491
0,9492
1,9493
1,9494
0,9495
0,9496
1,9497
0,9498
1,9499
0,9500
1,9501
1,9502
1,9503
1,9504
0,9505
0,9506
0,9507
0,9508
1,9509
1,9510
1,9511
0,9512
1,9513
1,9514
0,9515
1,9516
0,9517
0,9518
1,9519
0,9520
1,9521
1,9522
0,9523
1,9524
1,9525
0,9526
1,9527
0,9528
1,9529
0,9530
1,9531
1,9532
0,9533
0,9534
1,9535
1,9536
1,9537
1,9538
0,9539
1,9540
1,9541
0,9542
1,9543
1,9544
0,9545
0,9546
0,9547
1,9548
1,9549
1,9550
1,9551
1,9552
1,9553
0,9554
0,9555
1,9556
1,9557
1,9558
1,9559
1,9560
0,9561
0,9562
1,9563
1,9564
1,9565
1,9566
1,9567
0,9568
0,9569
1,9570
0,9571
1,9572
1,9573
1,9574
1,9575
1,9576
0,9577
0,9578
0,9579
1,9580
0,9581
1,9582
1,9583
1,9584
0,9585
1,9586
1,9587
1,9588
1,9589
0,9590
1,9591
1,9592
0,9593
1,9594
1,9595
1,9596
1,9597
1,9598
0,9599
0,9600
1,9601
1,9602
0,9603
0,9604
1,9605
1,9606
1,9607
1,9608
0,9609
0,9610
0,9611
1,9612
1,9613
1,9614
1,9615
1,9616
1,9617
1,9618
1,9619
1,9620
1,9621
1,9622
1,9623
1,9624
1,9625
0,9626
1,9627
1,9628
0,9629
1,9630
0,9631
1,9632
1,9633
0,9634
1,9635
0,9636
1,9637
1,9638
1,9639
1,9640
1,9641
1,9642
0,9643
1,9644
0,9645
1,9646
1,9647
1,9648
1,9649
0,9650
0,9651
1,9652
1,9653
1,9654
1,9655
0,9656
0,9657
1,9658
1,9659
1,9660
0,9661
1,9662
0,9663
1,9664
1,9665
0,9666
0,9667
1,9668
0,9669
0,9670
1,9671
0,9672
0,9673
1,9674
1,9675
1,9676
0,9677
1,9678
1,9679
0,9680
1,9681
1,9682
1,9683
1,9684
1,9685
1,9686
0,9687
1,9688
1,9689
1,9690
1,9691
0,9692
1,9693
0,9694
0,9695
1,9696
1,9697
0,9698
1,9699
0,9700
1,9701
1,9702
0,9703
1,9704
1,9705
0,9706
0,9707
1,9708
1,9709
0,9710
0,9711
0,9712
0,9713
0,9714
0,9715
1,9716
1,9717
1,9718
1,9719
0,9720
0,9721
1,9722
0,9723
1,9724
0,9725
1,9726
1,9727
1,9728
1,9729
0,9730
1,9731
1,9732
1,9733
0,9734
1,9735
0,9736
0,9737
0,9738
1,9739
0,9740
1,9741
1,9742
1,9743
0,9744
1,9745
1,9746
1,9747
0,9748
1,9749
1,9750
1,9751
0,9752
1,9753
0,9754
1,9755
1,9756
1,9757
1,9758
0,9759
1,9760
1,9761
1,9762
1,9763
1,9764
0,9765
1,9766
0,9767
0,9768
1,9769
0,9770
1,9771
0,9772
1,9773
1,9774
0,9775
0,9776
1,9777
1,9778
1,9779
0,9780
0,9781
0,9782
1,9783
1,9784
1,9785
1,9786
1,9787
1,9788
1,9789
0,9790
0,9791
1,9792
0,9793
1,9794
0,9795
0,9796
0,9797
1,9798
0,9799
1,9800
1,9801
0,9802
0,9803
0,9804
1,9805
1,9806
0,9807
1,9808
1,9809
1,9810
0,9811
1,9812
0,9813
0,9814
1,9815
1,9816
1,9817
1,9818
0,9819
1,9820
0,9821
1,9822
1,9823
1,9824
1,9825
1,9826
1,9827
0,9828
0,9829
0,9830
0,9831
1,9832
0,9833
1,9834
0,9835
1,9836
1,9837
1,9838
1,9839
0,9840
0,9841
1,9842
0,9843
0,9844
0,9845
0,9846
0,9847
0,9848
1,9849
1,9850
1,9851
1,9852
1,9853
0,9854
1,9855
0,9856
0,9857
1,9858
1,9859
1,9860
0,9861
1,9862
0,9863
0,9864
0,9865
1,9866
0,9867
1,9868
0,9869
1,9870
0,9871
1,9872
0,9873
0,9874
0,9875
1,9876
1,9877
0,9878
1,9879
0,9880
1,9881
1,9882
1,9883
0,9884
0,9885
1,9886
0,9887
1,9888
1,9889
1,9890
0,9891
1,9892
1,9893
1,9894
1,9895
0,9896
0,9897
1,9898
0,9899
0,9900
0,9901
0,9902
0,9903
0,9904
0,9905
1,9906
1,9907
1,9908
0,9909
1,9910
0,9911
1,9912
0,9913
1,9914
0,9915
1,9916
1,9917
1,9918
0,9919
1,9920
1,9921
0,9922
0,9923
1,9924
1,9925
1,9926
1,9927
1,9928
0,9929
1,9930
1,9931
1,9932
1,9933
0,9934
0,9935
0,9936
1,9937
0,9938
1,9939
1,9940
1,9941
1,9942
0,9943
1,9944
0,9945
0,9946
1,9947
0,9948
1,9949
0,9950
1,9951
0,9952
1,9953
0,9954
1,9955
0,9956
0,9957
0,9958
0,9959
1,9960
0,9961
1,9962
1,9963
1,9964
1,9965
0,9966
0,9967
0,9968
1,9969
1,9970
1,9971
1,9972
0,9973
1,9974
0,9975
1,9976
1,9977
1,9978
1,9979
0,9980
1,9981
1,9982
1,9983
1,9984
0,9985
1,9986
1,9987
0,9988
0,9989
1,9990
1,9991
1,9992
1,9993
0,9994
1,9995
0,9996
1,9997
0,9998
1,9999
